{
  "asn": 7922,
  "n_probes": 10,
  "results": [
    {
      "target_ip": "73.231.142.2",
      "true_lat": 37.3685,
      "true_lon": -122.0025,
      "estimated_lat": 44.19858750687867,
      "estimated_lon": -111.75239121719827,
      "error_km": 1147.9871081008828,
      "n_anchors_used": 5,
      "anchor_distances": {
        "45.77.211.82": 891.2714567867123,
        "66.42.119.57": 2617.9252600910036,
        "144.202.18.114": 2964.137596788227,
        "207.148.2.169": 2409.2179161665576,
        "207.246.74.246": 3769.105520181475
      },
      "anchor_rtts": {
        "45.77.211.82": 25.475417,
        "66.42.119.57": 57.27575,
        "144.202.18.114": 62.728375,
        "207.148.2.169": 47.870209,
        "207.246.74.246": 69.974084
      }
    },
    {
      "target_ip": "73.94.26.42",
      "true_lat": 45.0785,
      "true_lon": -93.2025,
      "estimated_lat": 41.79722577060678,
      "estimated_lon": -91.41398204328229,
      "error_km": 392.37100564148926,
      "n_anchors_used": 7,
      "anchor_distances": {
        "45.77.211.82": 2552.4061093143455,
        "66.42.119.57": 408.8971130432442,
        "144.202.18.114": 1529.3637064269078,
        "149.28.210.233": 2846.251300176989,
        "149.248.18.65": 2798.2406632568527,
        "207.148.2.169": 1524.8819718131513,
        "207.246.74.246": 2442.106277251362
      },
      "anchor_rtts": {
        "45.77.211.82": 51.388439,
        "66.42.119.57": 19.516592,
        "144.202.18.114": 40.981462,
        "149.28.210.233": 60.035117,
        "149.248.18.65": 58.032728,
        "207.148.2.169": 40.165254,
        "207.246.74.246": 51.694417
      }
    },
    {
      "target_ip": "73.147.244.111",
      "true_lat": 39.0505,
      "true_lon": -77.4805,
      "estimated_lat": 35.20873390095406,
      "estimated_lon": -85.19821269662067,
      "error_km": 806.1481698831803,
      "n_anchors_used": 7,
      "anchor_distances": {
        "45.77.211.82": 4444.3180870574,
        "66.42.119.57": 1227.5053214208372,
        "144.202.18.114": 666.8174993407177,
        "149.28.210.233": 4128.9800105188815,
        "149.248.18.65": 3633.2857626444456,
        "207.148.2.169": 2261.2172049955648,
        "207.246.74.246": 1737.7870742916589
      },
      "anchor_rtts": {
        "45.77.211.82": 80.901493,
        "66.42.119.57": 33.509151,
        "144.202.18.114": 27.907822,
        "149.28.210.233": 80.707854,
        "149.248.18.65": 69.439765,
        "207.148.2.169": 46.580723,
        "207.246.74.246": 41.992286
      }
    },
    {
      "target_ip": "76.135.96.166",
      "true_lat": 47.6775,
      "true_lon": -122.3205,
      "estimated_lat": 37.4477574509711,
      "estimated_lon": -115.7849045407925,
      "error_km": 1256.0119067121368,
      "n_anchors_used": 6,
      "anchor_distances": {
        "66.42.119.57": 2737.1262813124026,
        "144.202.18.114": 3311.00822330048,
        "149.28.210.233": 942.861756810948,
        "149.248.18.65": 1220.5941299338124,
        "207.148.2.169": 2730.797742996404,
        "207.246.74.246": 4361.248921954917
      },
      "anchor_rtts": {
        "66.42.119.57": 59.313266,
        "144.202.18.114": 67.985904,
        "149.28.210.233": 29.359674,
        "149.248.18.65": 36.48147,
        "207.148.2.169": 50.672038,
        "207.246.74.246": 78.130972
      }
    },
    {
      "target_ip": "67.170.164.119",
      "true_lat": 44.0575,
      "true_lon": -123.1095,
      "estimated_lat": 44.75188268952853,
      "estimated_lon": -120.75679772401564,
      "error_km": 202.20821309656338,
      "n_anchors_used": 7,
      "anchor_distances": {
        "45.77.211.82": 408.1114970067716,
        "66.42.119.57": 3361.7853328013844,
        "144.202.18.114": 3753.326167675177,
        "149.28.210.233": 1018.5937873192561,
        "149.248.18.65": 1274.985937765353,
        "207.148.2.169": 3028.4267891242357,
        "207.246.74.246": 4829.696463841914
      },
      "anchor_rtts": {
        "45.77.211.82": 17.938319,
        "66.42.119.57": 69.990631,
        "144.202.18.114": 74.690131,
        "149.28.210.233": 30.580188,
        "149.248.18.65": 37.224483,
        "207.148.2.169": 53.265191,
        "207.246.74.246": 84.583926
      }
    },
    {
      "target_ip": "173.164.121.54",
      "true_lat": 45.4875,
      "true_lon": -122.7305,
      "estimated_lat": 41.17610618051794,
      "estimated_lon": -115.267151950014,
      "error_km": 770.2933806932932,
      "n_anchors_used": 7,
      "anchor_distances": {
        "45.77.211.82": 348.8694328660968,
        "66.42.119.57": 3016.1193605622643,
        "144.202.18.114": 3976.604981077887,
        "149.28.210.233": 975.7707161154955,
        "149.248.18.65": 1011.5581373406027,
        "207.148.2.169": 3133.868713535522,
        "207.246.74.246": 4803.265395083595
      },
      "anchor_rtts": {
        "45.77.211.82": 17.014167,
        "66.42.119.57": 64.082125,
        "144.202.18.114": 78.074375,
        "149.28.210.233": 29.890042,
        "149.248.18.65": 33.625958,
        "207.148.2.169": 54.183875,
        "207.246.74.246": 84.219833
      }
    },
    {
      "target_ip": "73.162.2.255",
      "true_lat": 37.0505,
      "true_lon": -122.0715,
      "estimated_lat": 34.89913510086252,
      "estimated_lon": -115.60316321515916,
      "error_km": 629.128752165123,
      "n_anchors_used": 6,
      "anchor_distances": {
        "45.77.211.82": 1221.5894014058579,
        "66.42.119.57": 2768.6792312688726,
        "144.202.18.114": 3310.491763331483,
        "149.248.18.65": 87.89005563069378,
        "207.148.2.169": 2616.358953363967,
        "207.246.74.246": 3971.6154641026633
      },
      "anchor_rtts": {
        "45.77.211.82": 30.628242,
        "66.42.119.57": 59.852604,
        "144.202.18.114": 67.978076,
        "149.248.18.65": 21.008297,
        "207.148.2.169": 49.674967,
        "207.246.74.246": 72.763697
      }
    },
    {
      "target_ip": "73.78.55.186",
      "true_lat": 39.6395,
      "true_lon": -106.2985,
      "estimated_lat": 34.534188469804725,
      "estimated_lon": -99.28252472346162,
      "error_km": 841.8407247399409,
      "n_anchors_used": 7,
      "anchor_distances": {
        "45.77.211.82": 1806.9333190390864,
        "66.42.119.57": 1402.1183816466637,
        "144.202.18.114": 2045.6729862857467,
        "149.28.210.233": 1541.597596335595,
        "149.248.18.65": 1885.1315084699097,
        "207.148.2.169": 167.19513184202134,
        "207.246.74.246": 2631.306277933786
      },
      "anchor_rtts": {
        "45.77.211.82": 39.759368,
        "66.42.119.57": 36.493831,
        "144.202.18.114": 48.807178,
        "149.28.210.233": 39.009032,
        "149.248.18.65": 45.559306,
        "207.148.2.169": 28.336134,
        "207.246.74.246": 54.300683
      }
    },
    {
      "target_ip": "73.37.53.86",
      "true_lat": 45.5075,
      "true_lon": -122.6095,
      "estimated_lat": 43.62598337799253,
      "estimated_lon": -117.82677021199572,
      "error_km": 432.7029026041349,
      "n_anchors_used": 7,
      "anchor_distances": {
        "45.77.211.82": 149.43728743386518,
        "66.42.119.57": 2864.917372573477,
        "144.202.18.114": 3691.116360811834,
        "149.28.210.233": 911.8041002053012,
        "149.248.18.65": 1082.801886834069,
        "207.148.2.169": 2882.5693856591097,
        "207.246.74.246": 4544.450457378465
      },
      "anchor_rtts": {
        "45.77.211.82": 13.903107,
        "66.42.119.57": 61.497613,
        "144.202.18.114": 73.747215,
        "149.28.210.233": 28.859142,
        "149.248.18.65": 34.599175,
        "207.148.2.169": 51.994379,
        "207.246.74.246": 80.654608
      }
    },
    {
      "target_ip": "71.235.173.0",
      "true_lat": 44.3775,
      "true_lon": -73.2285,
      "estimated_lat": 36.15969218473573,
      "estimated_lon": -85.16729007110388,
      "error_km": 1361.589896273034,
      "n_anchors_used": 7,