{
  "asn": 7922,
  "total_measurements": 1854,
  "unique_probes": 266,
  "fit_method": "lp",
  "bin_size_km": 50.0,
  "percentile": 0.05,
  "theoretical_slope": 0.01,
  "models": [
    {
      "anchor_ip": "45.77.211.82",
      "anchor_lat": 47.6095,
      "anchor_lon": -122.3415,
      "slope": 0.01,
      "intercept": 5.94840766009693,
      "r_squared": 0.7293533314784544,
      "n_bins": 48,
      "n_measurements": 264,
      "bin_size_km": 50.0,
      "percentile": 0.05,
      "bin_centers": [
        25.0,
        75.0,
        225.0,
        375.0,
        425.0,
        875.0,
        975.0,
        1025.0,
        1075.0,
        1125.0,
        1175.0,
        1575.0,
        1625.0,
        1675.0,
        1825.0,
        1875.0,
        1925.0,
        2225.0,
        2275.0,
        2625.0,
        2675.0,
        2725.0,
        2775.0,
        2825.0,
        2875.0,
        2925.0,
        2975.0,
        3025.0,
        3075.0,
        3125.0,
        3175.0,
        3375.0,
        3425.0,
        3475.0,
        3525.0,
        3575.0,
        3675.0,
        3725.0,
        3775.0,
        3825.0,
        3875.0,
        3925.0,
        3975.0,
        4025.0,
        4075.0,
        4225.0,
        4325.0,
        4375.0
      ],
      "bin_rtts": [
        8.15321505,
        15.86772605,
        11.91085075,
        18.58157795,
        22.029316,
        35.054164,
        31.1671325,
        28.5279132,
        25.70462165,
        24.95169925,
        21.345948,
        39.759368,
        35.0172248,
        24.396220500000002,
        14.525955,
        57.31803505,
        53.761885,
        50.464406100000005,
        49.797857650000005,
        58.5527,
        13.460375,
        61.70413935,
        58.1407624,
        37.0674044,
        67.8046205,
        61.149042,
        66.9761727,
        55.1368012,
        62.316191599999996,
        72.004958,
        69.399316,
        69.86325,
        65.291287,
        69.27939119999999,
        69.17092765,
        72.9589455,
        72.4596392,
        74.04874960000001,
        69.6408244,
        75.19480200000001,
        77.267113,
        76.8171844,
        73.0123026,
        76.806295,
        23.86888005,
        82.96675,
        80.59129250000001,
        82.7782112
      ],
      "fitted": true,
      "fit_message": "LP converged: 250 points, 14 filtered",
      "fit_method": "lp"
    },
    {
      "anchor_ip": "66.42.119.57",
      "anchor_lat": 41.9905,
      "anchor_lon": -87.9585,
      "slope": 0.015347656717692488,
      "intercept": 7.678238401195499,
      "r_squared": 0.8497329416808682,
      "n_bins": 44,
      "n_measurements": 266,
      "bin_size_km": 50.0,
      "percentile": 0.05,
      "bin_centers": [
        25.0,
        75.0,
        175.0,
        225.0,
        275.0,
        325.0,
        375.0,
        425.0,
        525.0,
        575.0,
        625.0,
        675.0,
        725.0,
        825.0,
        875.0,
        925.0,
        975.0,
        1025.0,
        1075.0,
        1125.0,
        1175.0,
        1225.0,
        1275.0,
        1325.0,
        1375.0,
        1425.0,
        1475.0,
        1525.0,
        1575.0,
        1625.0,
        1725.0,
        1825.0,
        1875.0,
        1925.0,
        1975.0,
        2025.0,
        2325.0,
        2375.0,
        2725.0,
        2775.0,
        2825.0,
        2875.0,
        2925.0,
        2975.0
      ],
      "bin_rtts": [
        9.9276628,
        15.712979,
        10.356825299999999,
        15.0106935,
        17.3906251,
        16.531823000000003,
        15.06030595,
        22.06075,
        18.421823200000002,
        19.55503445,
        44.790584,
        19.0069084,
        26.269829,
        32.6105552,
        27.9622873,
        27.3411634,
        29.030785350000002,
        25.4005195,
        29.7299699,
        30.0410037,
        32.08415835,
        37.9555592,
        34.5942848,
        33.0449041,
        28.4293785,
        32.9054468,
        32.45982715,
        33.7555534,
        37.2987263,
        60.104862,
        43.7191092,
        45.959053850000004,
        43.61809615,
        45.083913,
        43.578338599999995,
        43.980861700000005,
        58.912525,
        68.9508912,
        57.521868500000004,
        57.5771145,
        61.7942241,
        62.653507100000006,
        54.8230973,
        56.6758248
      ],
      "fitted": true,
      "fit_message": "LP converged: 257 points, 9 filtered",
      "fit_method": "lp"
    },
    {
      "anchor_ip": "144.202.18.114",
      "anchor_lat": 33.7795,
      "anchor_lon": -84.4205,
      "slope": 0.016768850832967756,
      "intercept": 0.0,
      "r_squared": 0.7437752483961163,
      "n_bins": 40,
      "n_measurements": 264,
      "bin_size_km": 50.0,
      "percentile": 0.05,
      "bin_centers": [
        25.0,
        75.0,
        325.0,
        375.0,
        475.0,
        525.0,
        575.0,
        625.0,
        675.0,
        725.0,
        775.0,
        825.0,
        875.0,
        925.0,
        975.0,
        1025.0,
        1075.0,
        1125.0,
        1175.0,
        1275.0,
        1325.0,
        1375.0,
        1425.0,
        1475.0,
        1525.0,
        1575.0,
        1675.0,
        1925.0,
        1975.0,
        2075.0,
        2525.0,
        3025.0,
        3125.0,
        3225.0,
        3275.0,
        3325.0,
        3375.0,
        3425.0,
        3475.0,
        3525.0
      ],
      "bin_rtts": [
        10.157833100000001,
        11.98650855,
        21.617869,
        25.102653,
        21.9385167,
        29.64081595,
        44.581416,
        37.5949374,
        45.4328632,
        26.7281835,
        25.57315545,
        25.6461975,
        24.045872,
        21.8514111,
        29.0290282,
        35.186655900000005,
        27.1744213,
        24.499739599999998,
        72.29754199999999,
        37.438449750000004,
        36.562821400000004,
        36.575118,
        43.47376355,
        33.2715542,
        31.15242385,
        35.2162089,
        42.64541,
        41.7403985,
        42.487167,
        48.807178,
        53.681614499999995,
        80.250849,
        80.8734176,
        67.028693,
        75.849042,
        65.7774595,
        60.090283299999996,
        62.933909050000004,
        66.1206857,
        66.3805464
      ],
      "fitted": true,
      "fit_message": "LP converged: 253 points, 11 filtered",
      "fit_method": "lp"
    },
    {
      "anchor_ip": "149.28.210.233",
      "anchor_lat": 37.3315,
      "anchor_lon": -121.8885,
      "slope": 0.013545314099697807,
      "intercept": 0.0,
      "r_squared": 0.8937930871333672,
      "n_bins": 52,
      "n_measurements": 266,
      "bin_size_km": 50.0,
      "percentile": 0.05,
      "bin_centers": [
        25.0,
        75.0,
        125.0,
        175.0,
        275.0,
        675.0,
        775.0,
        925.0,
        975.0,
        1025.0,
        1075.0,
        1125.0,
        1175.0,
        1225.0,
        1375.0,
        1425.0,
        1475.0,
        1525.0,
        2325.0,
        2375.0,
        2425.0,
        2525.0,
        2575.0,
        2675.0,
        2825.0,
        2875.0,
        2925.0,
        2975.0,
        3025.0,
        3075.0,
        3125.0,
        3225.0,
        3275.0,
        3325.0,
        3375.0,
        3425.0,
        3525.0,
        3575.0,
        3625.0,
        3775.0,
        3825.0,
        3875.0,
        3925.0,
        3975.0,
        4025.0,
        4075.0,
        4125.0,
        4175.0,
        4225.0,
        4275.0,
        4325.0,
        4375.0
      ],