{
  "asn": 7922,
  "total_measurements": 1854,
  "unique_probes": 266,
  "fit_method": "lp",
  "bin_size_km": 100.0,
  "percentile": 0.05,
  "theoretical_slope": 0.01,
  "models": [
    {
      "anchor_ip": "45.77.211.82",
      "anchor_lat": 47.6095,
      "anchor_lon": -122.3415,
      "slope": 0.017758926864514298,
      "intercept": 4.3586647937983924,
      "r_squared": 0.7591776515877335,
      "n_bins": 29,
      "n_measurements": 264,
      "bin_size_km": 100.0,
      "percentile": 0.05,
      "bin_centers": [
        50.0,
        250.0,
        350.0,
        450.0,
        850.0,
        950.0,
        1050.0,
        1150.0,
        1550.0,
        1650.0,
        1850.0,
        1950.0,
        2250.0,
        2650.0,
        2750.0,
        2850.0,
        2950.0,
        3050.0,
        3150.0,
        3350.0,
        3450.0,
        3550.0,
        3650.0,
        3750.0,
        3850.0,
        3950.0,
        4050.0,
        4250.0,
        4350.0
      ],
      "bin_rtts": [
        8.260718749999999,
        11.91085075,
        18.58157795,
        22.029316,
        35.054164,
        31.1671325,
        25.886213849999997,
        24.037665399999998,
        39.759368,
        30.075401,
        18.6974874,
        53.761885,
        49.992387,
        15.71499125,
        58.227924,
        41.233073000000005,
        61.971675600000005,
        55.241776,
        69.5295981,
        69.86325,
        65.5653605,
        69.6001218,
        72.4596392,
        72.2416627,
        75.75869815,
        74.434137,
        42.21912105,
        82.96675,
        80.7637516
      ],
      "fitted": true,
      "fit_message": "LP converged: 191 points, 73 filtered",
      "fit_method": "lp"
    },
    {
      "anchor_ip": "66.42.119.57",
      "anchor_lat": 41.9905,
      "anchor_lon": -87.9585,
      "slope": 0.01700307776213408,
      "intercept": 6.333101649578277,
      "r_squared": 0.8950975583215397,
      "n_bins": 25,
      "n_measurements": 266,
      "bin_size_km": 100.0,
      "percentile": 0.05,
      "bin_centers": [
        50.0,
        150.0,
        250.0,
        350.0,
        450.0,
        550.0,
        650.0,
        750.0,
        850.0,
        950.0,
        1050.0,
        1150.0,
        1250.0,
        1350.0,
        1450.0,
        1550.0,
        1650.0,
        1750.0,
        1850.0,
        1950.0,
        2050.0,
        2350.0,
        2750.0,
        2850.0,
        2950.0
      ],
      "bin_rtts": [
        9.9720225,
        10.356825299999999,
        15.0181366,
        15.439424550000002,
        22.06075,
        18.5920314,
        19.24114,
        26.269829,
        28.8497616,
        27.78764045,
        27.1332366,
        30.1086375,
        35.248336450000004,
        29.6894421,
        32.4448318,
        33.6534956,
        60.104862,
        43.7191092,
        43.784678299999996,
        43.610895799999994,
        43.980861700000005,
        60.38752405,
        57.425064,
        61.862775,
        56.627783
      ],
      "fitted": true,
      "fit_message": "LP converged: 198 points, 68 filtered",
      "fit_method": "lp"
    },
    {
      "anchor_ip": "144.202.18.114",
      "anchor_lat": 33.7795,
      "anchor_lon": -84.4205,
      "slope": 0.016768850832967756,
      "intercept": 0.0,
      "r_squared": 0.8713973361350911,
      "n_bins": 24,
      "n_measurements": 264,
      "bin_size_km": 100.0,
      "percentile": 0.05,
      "bin_centers": [
        50.0,
        350.0,
        450.0,
        550.0,
        650.0,
        750.0,
        850.0,
        950.0,
        1050.0,
        1150.0,
        1250.0,
        1350.0,
        1450.0,
        1550.0,
        1650.0,
        1950.0,
        2050.0,
        2550.0,
        3050.0,
        3150.0,
        3250.0,
        3350.0,
        3450.0,
        3550.0
      ],
      "bin_rtts": [
        10.1800245,
        21.792108199999998,
        21.9385167,
        29.6724309,
        38.273794099999996,
        25.63028325,
        24.604369350000002,
        24.2961359,
        27.217379599999997,
        24.6961884,
        37.438449750000004,
        36.2633516,
        33.4559266,
        32.2791287,
        42.64541,
        41.795159600000005,
        48.807178,
        53.681614499999995,
        80.250849,
        80.8734176,
        67.46971045000001,
        60.9062659,
        62.99725195,
        66.3805464
      ],
      "fitted": true,
      "fit_message": "LP converged: 201 points, 63 filtered",
      "fit_method": "lp"
    },
    {
      "anchor_ip": "149.28.210.233",
      "anchor_lat": 37.3315,
      "anchor_lon": -121.8885,
      "slope": 0.013545314099697807,
      "intercept": 0.0,
      "r_squared": 0.8950978770547549,
      "n_bins": 32,
      "n_measurements": 266,
      "bin_size_km": 100.0,
      "percentile": 0.05,
      "bin_centers": [
        50.0,
        150.0,
        250.0,
        650.0,
        750.0,
        950.0,
        1050.0,
        1150.0,
        1250.0,
        1350.0,
        1450.0,
        1550.0,
        2350.0,
        2450.0,
        2550.0,
        2650.0,
        2850.0,
        2950.0,
        3050.0,
        3150.0,
        3250.0,
        3350.0,
        3450.0,
        3550.0,
        3650.0,
        3750.0,
        3850.0,
        3950.0,
        4050.0,
        4150.0,
        4250.0,
        4350.0
      ],
      "bin_rtts": [
        9.202738400000001,
        12.4738886,
        26.164295,
        37.546717,
        30.77787335,
        27.494698800000002,
        28.4488211,
        26.465358849999998,
        36.38466485,
        39.009032,
        34.527139,
        34.424517599999994,
        31.52633125,
        56.957042,
        55.7234036,
        72.193934,
        59.793113,
        59.10251125,
        70.5167126,
        63.4201594,
        64.4122373,
        65.7604146,
        73.170833,
        71.8105289,
        76.0451128,
        85.0182524,
        58.468730449999995,
        74.18464519999999,
        77.1134145,
        84.5329088,
        77.0299375,
        81.46644125
      ],
      "fitted": true,
      "fit_message": "LP converged: 190 points, 76 filtered",
      "fit_method": "lp"
    },
    {
      "anchor_ip": "149.248.18.65",
      "anchor_lat": 34.0615,
      "anchor_lon": -118.2385,
      "slope": 0.017508401898938528,
      "intercept": 0.0,
      "r_squared": 0.8159495069557092,
      "n_bins": 35,
      "n_measurements": 266,
      "bin_size_km": 100.0,
      "percentile": 0.05,
      "bin_centers": [
        150.0,
        450.0,
        550.0,
        650.0,
        750.0,
        850.0,
        950.0,
        1150.0,
        1250.0,
        1350.0,
        1450.0,
        1550.0,
        1650.0,
        1950.0,
        2150.0,
        2250.0,
        2350.0,
        2450.0,
        2650.0,
        2750.0,
        2850.0,
        2950.0,
        3050.0,
        3150.0,
        3250.0,
        3350.0,
        3450.0,
        3550.0,
        3650.0,
        3750.0,
        3850.0,
        3950.0,
        4050.0,
        4150.0,
        4250.0
      ],
      "bin_rtts": [
        41.692083,
        14.403252100000001,
        16.9948822,
        19.851553,
        27.466208,
        32.413712,
        31.37467675,
        37.9409704,
        45.559306,
        30.73115065,
        38.195892,
        33.1413496,
        38.858696,
        36.70706635,
        55.8530917,
        38.6342973,
        57.014831,
        57.602398400000006,
        65.3636603,
        63.720133950000005,
        62.2714299,
        67.64900175,
        53.249134,
        51.0756548,
        56.584789,
        72.11799825,
        49.4495946,
        66.14972615,
        64.7508655,
        64.7101712,
        69.30300495,
        74.017939,
        77.3625165,
        74.21147575,
        77.3544209
      ],
      "fitted": true,
      "fit_message": "LP converged: 202 points, 64 filtered",