{
  "asn": 7922,
  "total_measurements": 1854,
  "unique_probes": 266,
  "fit_method": "lp",
  "bin_size_km": 50.0,
  "percentile": 0.05,
  "theoretical_slope": 0.01,
  "models": [
    {
      "anchor_ip": "45.77.211.82",
      "anchor_lat": 47.6095,
      "anchor_lon": -122.3415,
      "slope": null,
      "intercept": null,
      "r_squared": null,
      "n_bins": 0,
      "n_measurements": 264,
      "bin_size_km": 50.0,
      "percentile": 0.05,
      "bin_centers": [],
      "bin_rtts": [],
      "fitted": false,
      "fit_message": "LP did not converge: The problem is infeasible. (HiGHS Status 8: model_status is Infeasible; primal_status is None)",
      "fit_method": "lp"
    },
    {
      "anchor_ip": "66.42.119.57",
      "anchor_lat": 41.9905,
      "anchor_lon": -87.9585,
      "slope": 0.01623634797722039,
      "intercept": 1.3430662533779842,
      "r_squared": 0.8497329416808682,
      "n_bins": 44,
      "n_measurements": 266,
      "bin_size_km": 50.0,
      "percentile": 0.05,
      "bin_centers": [
        25.0,
        75.0,
        175.0,
        225.0,
        275.0,
        325.0,
        375.0,
        425.0,
        525.0,
        575.0,
        625.0,
        675.0,
        725.0,
        825.0,
        875.0,
        925.0,
        975.0,
        1025.0,
        1075.0,
        1125.0,
        1175.0,
        1225.0,
        1275.0,
        1325.0,
        1375.0,
        1425.0,
        1475.0,
        1525.0,
        1575.0,
        1625.0,
        1725.0,
        1825.0,
        1875.0,
        1925.0,
        1975.0,
        2025.0,
        2325.0,
        2375.0,
        2725.0,
        2775.0,
        2825.0,
        2875.0,
        2925.0,
        2975.0
      ],
      "bin_rtts": [
        9.9276628,
        15.712979,
        10.356825299999999,
        15.0106935,
        17.3906251,
        16.531823000000003,
        15.06030595,
        22.06075,
        18.421823200000002,
        19.55503445,
        44.790584,
        19.0069084,
        26.269829,
        32.6105552,
        27.9622873,
        27.3411634,
        29.030785350000002,
        25.4005195,
        29.7299699,
        30.0410037,
        32.08415835,
        37.9555592,
        34.5942848,
        33.0449041,
        28.4293785,
        32.9054468,
        32.45982715,
        33.7555534,
        37.2987263,
        60.104862,
        43.7191092,
        45.959053850000004,
        43.61809615,
        45.083913,
        43.578338599999995,
        43.980861700000005,
        58.912525,
        68.9508912,
        57.521868500000004,
        57.5771145,
        61.7942241,
        62.653507100000006,
        54.8230973,
        56.6758248
      ],
      "fitted": true,
      "fit_message": "LP converged: 266 points, 0 violations",
      "fit_method": "lp"
    },
    {
      "anchor_ip": "144.202.18.114",
      "anchor_lat": 33.7795,
      "anchor_lon": -84.4205,
      "slope": 0.016469539416141574,
      "intercept": 0.44931698394312075,
      "r_squared": 0.7437752483961163,
      "n_bins": 40,
      "n_measurements": 264,
      "bin_size_km": 50.0,
      "percentile": 0.05,
      "bin_centers": [
        25.0,
        75.0,
        325.0,
        375.0,
        475.0,
        525.0,
        575.0,
        625.0,
        675.0,
        725.0,
        775.0,
        825.0,
        875.0,
        925.0,
        975.0,
        1025.0,
        1075.0,
        1125.0,
        1175.0,
        1275.0,
        1325.0,
        1375.0,
        1425.0,
        1475.0,
        1525.0,
        1575.0,
        1675.0,
        1925.0,
        1975.0,
        2075.0,
        2525.0,
        3025.0,
        3125.0,
        3225.0,
        3275.0,
        3325.0,
        3375.0,
        3425.0,
        3475.0,
        3525.0
      ],
      "bin_rtts": [
        10.157833100000001,
        11.98650855,
        21.617869,
        25.102653,
        21.9385167,
        29.64081595,
        44.581416,
        37.5949374,
        45.4328632,
        26.7281835,
        25.57315545,
        25.6461975,
        24.045872,
        21.8514111,
        29.0290282,
        35.186655900000005,
        27.1744213,
        24.499739599999998,
        72.29754199999999,
        37.438449750000004,
        36.562821400000004,
        36.575118,
        43.47376355,
        33.2715542,
        31.15242385,
        35.2162089,
        42.64541,
        41.7403985,
        42.487167,
        48.807178,
        53.681614499999995,
        80.250849,
        80.8734176,
        67.028693,
        75.849042,
        65.7774595,
        60.090283299999996,
        62.933909050000004,
        66.1206857,
        66.3805464
      ],
      "fitted": true,
      "fit_message": "LP converged: 264 points, 0 violations",
      "fit_method": "lp"
    },
    {
      "anchor_ip": "149.28.210.233",
      "anchor_lat": 37.3315,
      "anchor_lon": -121.8885,
      "slope": null,
      "intercept": null,
      "r_squared": null,
      "n_bins": 0,
      "n_measurements": 266,
      "bin_size_km": 50.0,
      "percentile": 0.05,
      "bin_centers": [],
      "bin_rtts": [],
      "fitted": false,
      "fit_message": "LP did not converge: The problem is infeasible. (HiGHS Status 8: model_status is Infeasible; primal_status is None)",
      "fit_method": "lp"
    },
    {
      "anchor_ip": "149.248.18.65",
      "anchor_lat": 34.0615,
      "anchor_lon": -118.2385,
      "slope": 0.010519226472326143,
      "intercept": 4.788794497619555,
      "r_squared": 0.7894896303584693,
      "n_bins": 53,
      "n_measurements": 266,
      "bin_size_km": 50.0,
      "percentile": 0.05,
      "bin_centers": [
        175.0,
        475.0,
        525.0,
        575.0,
        625.0,
        725.0,
        875.0,
        925.0,
        975.0,
        1125.0,
        1175.0,
        1225.0,
        1325.0,
        1375.0,
        1475.0,
        1525.0,
        1575.0,
        1625.0,
        1975.0,
        2175.0,
        2225.0,
        2375.0,
        2425.0,
        2475.0,
        2675.0,
        2725.0,
        2775.0,
        2825.0,
        2875.0,
        2925.0,
        2975.0,
        3025.0,
        3075.0,
        3125.0,
        3175.0,
        3225.0,
        3375.0,
        3425.0,
        3475.0,
        3575.0,
        3625.0,
        3675.0,
        3725.0,
        3775.0,
        3825.0,
        3875.0,
        3925.0,
        3975.0,
        4025.0,
        4125.0,
        4175.0,
        4225.0,
        4275.0
      ],
      "bin_rtts": [
        41.692083,
        14.403252100000001,
        16.8335018,
        17.823874900000003,
        19.851553,
        27.466208,
        32.413712,
        31.315520499999998,
        33.122311,
        53.8324381,
        37.40360485,
        45.559306,
        30.70377885,
        43.020737600000004,
        38.195892,
        33.992500500000006,
        32.07147475,
        38.858696,
        36.70706635,
        55.8530917,
        38.6342973,
        57.014831,
        57.494199200000004,
        58.09953635,
        65.3636603,
        66.4050676,
        63.605725650000004,
        62.0374098,
        73.91383259999999,
        66.98097324999999,
        75.8491544,
        76.528375,
        52.99087025,
        50.843994,
        67.50902289999999,
        56.584789,
        72.11799825,
        70.33122399999999,
        43.213266899999994,
        66.14972615,
        62.801595500000005,
        67.5103183,
        64.65037415,
        68.9044657,
        69.6103785,
        69.0745122,
        71.495365,
        80.29138375,
        77.3625165,
        75.0612061,
        73.2583219,
        77.5890881,
        78.385622
      ],
      "fitted": true,
      "fit_message": "LP converged: 266 points, 0 violations",
      "fit_method": "lp"
    },
    {
      "anchor_ip": "207.148.2.169",
      "anchor_lat": 32.7905,
      "anchor_lon": -96.7915,
      "slope": 0.012712113401813259,
      "intercept": 9.950368832833826,