{
  "asn": 7922,
  "configs": [
    {
      "config": "1. Minimal (Invalid + Baseline)",
      "n_probes": 266,
      "median_km": 495.10373906558766,
      "mean_km": 612.4153806194109,
      "p25_km": 260.47767541752563,
      "p75_km": 883.4081564405348,
      "within_100km": 7.894736842105263,
      "within_500km": 50.37593984962406,
      "within_1000km": 81.57894736842105
    },
    {
      "config": "2. + Bin \u03c3 Filter",
      "n_probes": 266,
      "median_km": 524.1774002418828,
      "mean_km": 628.4241439051798,
      "p25_km": 247.87288868340147,
      "p75_km": 913.2545398285785,
      "within_100km": 7.894736842105263,
      "within_500km": 46.2406015037594,
      "within_1000km": 77.44360902255639
    },
    {
      "config": "3. + Global \u03c3 Filter",
      "n_probes": 266,
      "median_km": 399.78650918713515,
      "mean_km": 618.8075560983707,
      "p25_km": 126.87533858681282,
      "p75_km": 1040.4036258116985,
      "within_100km": 19.172932330827066,
      "within_500km": 55.26315789473685,
      "within_1000km": 71.05263157894737
    },
    {
      "config": "4. Full (+ Percentile)",
      "n_probes": 266,
      "median_km": 401.9872191377505,
      "mean_km": 626.5128813319891,
      "p25_km": 133.19075147263533,
      "p75_km": 1047.964930839194,
      "within_100km": 18.421052631578945,
      "within_500km": 54.51127819548872,
      "within_1000km": 70.30075187969925
    }
  ]
}